ciudad,calle
Resistencia,1 de Enero
Resistencia,12 de Octubre
Resistencia,17 de Agosto
Resistencia,20 de Junio
Resistencia,8 de Diciembre
Resistencia,ARA San Juan
Resistencia,Aarón de Anchorena
Resistencia,Acceso Barrio Los Tucanes
Resistencia,Acceso Norte a Ruta Nacional 11
Resistencia,Acceso Sur a Ruta Nacional 11
Resistencia,Acceso a Aeropuerto de Resistencia
Resistencia,Acceso a Barrio La Ribera
Resistencia,Acceso a Motel
Resistencia,Adelina Del Carril
Resistencia,Adolfo Pérez Esquivel
Resistencia,Agrimensor Agustín Foster
Resistencia,Aguará Guazú
Resistencia,Agustín Andreani
Resistencia,Alabanza
Resistencia,Alberto Castillo
Resistencia,Alberto Gerardo Ivancovich
Resistencia,Alberto Torres
Resistencia,Aldo Boglietti
Resistencia,Alemania
Resistencia,Alfonsina Storni
Resistencia,Alfredo Pértile
Resistencia,Alfredo Veiravé
Resistencia,Alice Le Saige
Resistencia,Alicia Moreau de Justo
Resistencia,Aliso
Resistencia,Almirante Brown
Resistencia,Amabilidad
Resistencia,Ameghino
Resistencia,Amor
Resistencia,América
Resistencia,Antequeras
Resistencia,Antonio Arancibia
Resistencia,Antonio Berutti
Resistencia,Antonio Brignole
Resistencia,Antonio De Marchi
Resistencia,Aníbal Troilo
Resistencia,Arazá
Resistencia,Arbo y Blanco
Resistencia,Argentina
Resistencia,Aristóbulo de Valle
Resistencia,Armando Anello
Resistencia,Arminda Rogiolo
Resistencia,Arquitecto Bruno del Mónico
Resistencia,Artur Luissone
Resistencia,Arturo Frondizi
Resistencia,Arturo Lestani
Resistencia,Arturo Umberto Illia
Resistencia,Asamblea
Resistencia,Asunción
Resistencia,Atilio López
Resistencia,Australia
Resistencia,Autovía Nicolás Avellaneda
Resistencia,Avendida Arboledas
Resistencia,Avenida 25 de Mayo
Resistencia,Avenida 9 de Julio
Resistencia,Avenida Agrimensor Seelstrang
Resistencia,Avenida Alberdi
Resistencia,Avenida Alfredo Guerrero
Resistencia,Avenida Antonio Martina
Resistencia,Avenida Arribálzaga
Resistencia,Avenida Arturo Jauretche
Resistencia,Avenida Belgrano
Resistencia,Avenida Bogotá
Resistencia,Avenida Brigadier General Juan Manuel de Rosas
Resistencia,Avenida Carlos López Piacentini
Resistencia,Avenida Carlos María de Alvear
Resistencia,Avenida Carmen C. Viuda de Ross
Resistencia,Avenida Carmen Vilallave de Ross
Resistencia,Avenida Centro
Resistencia,Avenida Chaco
Resistencia,Avenida Coronel Falcón
Resistencia,Avenida Doctor Antonio Álvarez Lottero
Resistencia,Avenida España
Resistencia,Avenida Felipe Gallardo
Resistencia,Avenida Hernandarias
Resistencia,Avenida Hortensio Quijano
Resistencia,Avenida Intendente Borrini
Resistencia,Avenida Islas Malvinas
Resistencia,Avenida Italia
Resistencia,Avenida Juan José Castelli
Resistencia,Avenida Juana Azurduy
Resistencia,Avenida Laprida
Resistencia,Avenida Las Heras
Resistencia,Avenida Lavalle
Resistencia,Avenida Lonardi
Resistencia,Avenida Luis Ángel Firpo
Resistencia,Avenida Mac Lean
Resistencia,Avenida Marconi
Resistencia,Avenida Moreno
Resistencia,Avenida Nicaragua
Resistencia,Avenida Nicolás Rojas Acosta
Resistencia,Avenida Padre Rissione
Resistencia,Avenida Paraguay
Resistencia,Avenida Rivadavia
Resistencia,Avenida Rodríguez Peña
Resistencia,Avenida Sabín
Resistencia,Avenida San Martín
Resistencia,Avenida Sarmiento
Resistencia,Avenida Soberanía Nacional
Resistencia,Avenida Urquiza
Resistencia,Avenida Vélez Sarsfield
Resistencia,Avenida Wilde
Resistencia,Avenida de la Democracia
Resistencia,Avenida de la Gratitud
Resistencia,Avenida de los Inmigrantes
Resistencia,Avenida del Bicentenario
Resistencia,Avenida Ávalos
Resistencia,Avenida Édison
Resistencia,Avia Terai
Resistencia,Ayacucho
Resistencia,Ayrton Senna
Resistencia,Bailecito
Resistencia,Baltazar Tatalo Domínguez
Resistencia,Bartolina Sissa
Resistencia,Bartolomé Mitre
Resistencia,Baruc
Resistencia,Basail
Resistencia,Belén
Resistencia,Bendición
Resistencia,Benignidad
Resistencia,Benito Juárez
Resistencia,Benjamín Zorrilla
Resistencia,Bermejo
Resistencia,Bernardo Alberto Houssay
Resistencia,Bibiano Meza
Resistencia,Bicisenda
Resistencia,Blas Parera
Resistencia,Bolivia
Resistencia,Bondad
Resistencia,Boris Afanasenko
Resistencia,Brasil
Resistencia,Brasilia
Resistencia,Brigadier Parodi
Resistencia,Bélgica
Resistencia,Cabildo
Resistencia,Cacique Luis García
Resistencia,Cacique Pelayo
Resistencia,Cacique Vahenolec
Resistencia,Cacique Ñaré
Resistencia,Calandria
Resistencia,Calle 1
Resistencia,Calle 10
Resistencia,Calle 14
Resistencia,Calle 2
Resistencia,Calle 26
Resistencia,Calle 27
Resistencia,Calle 28
Resistencia,Calle 29
Resistencia,Calle 3
Resistencia,Calle 30
Resistencia,Calle 31
Resistencia,Calle 32
Resistencia,Calle 4
Resistencia,Calle 6
Resistencia,Calle 7
Resistencia,Calle 8
Resistencia,Calle 9
Resistencia,Campo Largo
Resistencia,Canadá
Resistencia,Cangallo
Resistencia,Capataz Codutti
Resistencia,Capitán Pedro Giachino
Resistencia,Capitán Solari
Resistencia,Carabobo
Resistencia,Caracas
Resistencia,Carau
Resistencia,Cardenal
Resistencia,Carlos Boggio
Resistencia,Carlos Campia
Resistencia,Carlos Corsi
Resistencia,Carlos Dodero
Resistencia,Carlos Gardel
Resistencia,Carlos Hardy
Resistencia,Carlos Lutringer
Resistencia,Carlos Saavedra Lamas
Resistencia,Carlos Tejedor
Resistencia,Carnavalito
Resistencia,Cartero Bruno Ramírez
Resistencia,Catamarca
Resistencia,Cataratas del Iguazú
Resistencia,Cecilia Perdora de Serens
Resistencia,Celedonio Flores
Resistencia,Celmira Gonzevat de Cabral
Resistencia,Cervantes
Resistencia,Chacabuco
Resistencia,Chacarera
Resistencia,Chamamé
Resistencia,Chamarrita
Resistencia,Chapadmalal
Resistencia,Charadai
Resistencia,Charata
Resistencia,Chile
Resistencia,Chorote
Resistencia,Chubut
Resistencia,Chulupí
Resistencia,Ciclón
Resistencia,Cielito
Resistencia,Ciervo Petiso
Resistencia,Ciervo de los Pantanos
Resistencia,Cigüeña
Resistencia,Cipriano Reyes
Resistencia,Ciudad de Cafayate
Resistencia,Ciudad de Charata
Resistencia,Claudio Zapico
Resistencia,Colombia
Resistencia,Colonia Baranda
Resistencia,Colonia Benítez
Resistencia,Colonia Elisa
Resistencia,Colón
Resistencia,Comandante Andresito
Resistencia,Comandante Fontana
Resistencia,Combate de la Vuelta de Obligado
Resistencia,Concepción del Bermejo
Resistencia,Condición
Resistencia,Congreso
Resistencia,Coronel Falcón
Resistencia,Corrientes
Resistencia,Cote Lai
Resistencia,Crisanto Domínguez
Resistencia,Cristófani
Resistencia,Crucero Belgrano
Resistencia,Cuba
Resistencia,Cueca
Resistencia,César Milstein
Resistencia,Córdoba
Resistencia,Dante Emiliozzi
Resistencia,Darío Miró
Resistencia,De Sucre
Resistencia,Deán Funes
Resistencia,Dionicio Suero
Resistencia,Directorio
Resistencia,Doctor Alfredo Parodi
Resistencia,Doctor Alfredo Reggiardo
Resistencia,Doctor Antonio de Grandi
Resistencia,Doctor Diego De Morgan
Resistencia,Doctor Domenech
Resistencia,Doctor Evaristo Ramírez
Resistencia,Doctor Juan Diego De Morgan
Resistencia,Doctor Luis Govi
Resistencia,Doctor Lázaro Maderna
Resistencia,Doctor M. C. Bortagaray
Resistencia,Doctor Mauricio Jajam
Resistencia,Doctor Miguel María Giménez
Resistencia,Doctor Rivero Sosa
Resistencia,Doctora Josefa Palacios
Resistencia,Doctora Maglioli Palacios
Resistencia,Domingo Cubells
Resistencia,Domingo Matheu
Resistencia,Don Bosco
Resistencia,Don Segundo Sombra
Resistencia,Donato Geraldi
Resistencia,Dos de Abril de 1982
Resistencia,Dos de Febrero
Resistencia,Dr. Luis Govi
Resistencia,Dr. Lázaro Moderna
Resistencia,Echeverría
Resistencia,Ecuador
Resistencia,Edmundo Rivero
Resistencia,Eduardo Gerónimo Orcola
Resistencia,Eduardo Newbery
Resistencia,Eduardo Romero
Resistencia,El Pintado
Resistencia,El Salvador
Resistencia,El Sauzalito
Resistencia,Emilio R. Román
Resistencia,Enrique Discépolo
Resistencia,Enrique Kistermacher
Resistencia,Enrique Larreta
Resistencia,Entrada a Ex Estación Ferrocarril Santa Fe
Resistencia,Entre Ríos
Resistencia,Ernesto Duvivier
Resistencia,Escalera de Colores
Resistencia,Escondido
Resistencia,Estanislao López
Resistencia,Estefanía Zelaya de González
Resistencia,Esther Machicote de Díaz
Resistencia,Eugenio Salom
Resistencia,Eva Perón
Resistencia,Ex Combatiente Adolfo Vallejos
Resistencia,Ex Combatiente E. Discépolo
Resistencia,Ezequiel
Resistencia,Facón Grande
Resistencia,Falucho
Resistencia,Favio Cáceres
Resistencia,Fe
Resistencia,Federico Leloir
Resistencia,Feliciano Chiclana
Resistencia,Felipe Molina
Resistencia,Felipe Varela
Resistencia,Fernando L. Martín
Resistencia,Florida
Resistencia,Formosa
Resistencia,Fortín Aguilar
Resistencia,Fortín Alvarado
Resistencia,Fortín Arenales
Resistencia,Fortín Cardozo
Resistencia,Fortín Charrúa
Resistencia,Fortín Chilcas
Resistencia,Fortín Cinco Hermanos
Resistencia,Fortín Expedición
Resistencia,Fortín Lapacho
Resistencia,Fortín Las Chuñas
Resistencia,Fortín Lavalle
Resistencia,Fortín Loma Negra
Resistencia,Fortín Los Pozos
Resistencia,Fortín Piris
Resistencia,Fortín Rivadavia
Resistencia,Fortín Tapenagá
Resistencia,Fortín Timbó
Resistencia,Fortín Warnes
Resistencia,Fortín Wilde
Resistencia,Francia
Resistencia,Francisco Ptak
Resistencia,Francisco Ramírez
Resistencia,Francisco de P. Santander
Resistencia,Franklin
Resistencia,Fray Bertaca
Resistencia,Fray Capelli
Resistencia,Fray Gabriel Grotti
Resistencia,Fray Luis Beltrán
Resistencia,Fray Pérez de Marchena
Resistencia,Fray Rossi
Resistencia,French
Resistencia,Fuerte Esperanza
Resistencia,G. Goubat
Resistencia,Galería Alberdi
Resistencia,Galería Mara
Resistencia,Galería Strugo
Resistencia,Gancedo
Resistencia,García Merou
Resistencia,García Pulido
Resistencia,Gato
Resistencia,Gaucho Rivero
Resistencia,Gaza
Resistencia,General Dónovan
Resistencia,General Fotheringam
Resistencia,General Mansilla
Resistencia,General Obligado
Resistencia,General Pinedo
Resistencia,General Uriburu
Resistencia,General Vedia
Resistencia,George Washington
Resistencia,Gerardo Varela
Resistencia,Germán Abdala
Resistencia,Gertrudis Medeiro
Resistencia,Gertrudis Medeiros
Resistencia,Gervasio Artigas
Resistencia,Gobernador Anselmo Zoilo Ducca
Resistencia,Gobernador Bosch
Resistencia,Gobernador Danilo Baroni
Resistencia,Gobernador Deolindo Felipe Bittel
Resistencia,Gobernador Florencio Tenev
Resistencia,Gobernador Gabriel Carrasco
Resistencia,Gobernador Rolando Tauguinas
Resistencia,Gozo
Resistencia,Guatambú
Resistencia,Guatemala
Resistencia,Guaycurú
Resistencia,Guido Miranda
Resistencia,Guido Spano
Resistencia,Gustavo Lagerheim
Resistencia,Güemes
Resistencia,Gütemberg
Resistencia,Haití
Resistencia,Halcones Criollos
Resistencia,Heraclio Pérez
Resistencia,Hermanos Boronat
Resistencia,Hermanos Palotinos
Resistencia,Hermanos Pinzón
Resistencia,Hilarión de la Quintana
Resistencia,Hipólito Vieytes
Resistencia,Hipólito Yrigoyen
Resistencia,Holanda
Resistencia,Homero Manzi
Resistencia,Honduras
Resistencia,Honestidad
Resistencia,Honorio Ortiz
Resistencia,Horacio Quiroga
Resistencia,Hornero
Resistencia,Huanquero
Resistencia,Huella
Resistencia,Humaitá
Resistencia,Héctor Freschi
Resistencia,Ildefonso Pérez
Resistencia,Independencia
Resistencia,Ingeniero Augusto Schur
Resistencia,Ingeniero Foussal
Resistencia,Ingeniero Luis Fousal
Resistencia,Inmaculada Concepción
Resistencia,Inspector Patiño
Resistencia,Irene B. de Etcheberrigaray
Resistencia,Irene B. de Etcheverrigaray
Resistencia,Irupé
Resistencia,Isabel la Católica
Resistencia,Isaías
Resistencia,Isla Soledad
Resistencia,Isla del Cerrito
Resistencia,Jeremías
Resistencia,Jericó
Resistencia,Jilguero
Resistencia,Joel
Resistencia,Jorge Luis Borges
Resistencia,Jorge Rafael Obligado
Resistencia,José Alsina
Resistencia,José Ameri
Resistencia,José Hernández
Resistencia,José Ignacio Rucci
Resistencia,José Luna
Resistencia,José Martí
Resistencia,José María Paz
Resistencia,José María Toledo
Resistencia,José Mármol
Resistencia,José Navarro
Resistencia,José Noveri
Resistencia,José Rondeau
Resistencia,Juan A. Álvarez Condarco
Resistencia,Juan B. Azopardo
Resistencia,Juan B. Justo
Resistencia,Juan Domingo Perón
Resistencia,Juan Facundo Quiroga
Resistencia,Juan Felipe Ibarra
Resistencia,Juan Godoy
Resistencia,Juan José Paso
Resistencia,Juan Larrea
Resistencia,Juan Manuel Bordeau
Resistencia,Juan Manuel Fangio
Resistencia,Juan Manuel Rossi
Resistencia,Juan Moro
Resistencia,Juan P. Duarte
Resistencia,Juan Polí
Resistencia,Juan Ramón Lestani
Resistencia,Juan XXIII
Resistencia,Juan de Dios Mena
Resistencia,Juan de la Cruz Navarro
Resistencia,Juana Moro
Resistencia,Juanelraic
Resistencia,Jujuy
Resistencia,Julio Argentino Roca
Resistencia,Julio Cortázar
Resistencia,Julio César Perrando
Resistencia,Julio E. Acosta
Resistencia,Julio Guillén
Resistencia,Julio Tort
Resistencia,L. Quintana
Resistencia,La Cangayé
Resistencia,La Eduvigis
Resistencia,La Leonesa
Resistencia,La Palmera
Resistencia,La Pampa
Resistencia,La Paz
Resistencia,La Rioja
Resistencia,La Rábida
Resistencia,La Sabana
Resistencia,La Tigra
Resistencia,Lago Argentino
Resistencia,Lago Nahuel Huapi
Resistencia,Laguna del Desierto
Resistencia,Las Azucenas
Resistencia,Las Margaritas
Resistencia,Las Orquídeas
Resistencia,Las Palmas
Resistencia,Laurel
Resistencia,Lautaro
Resistencia,Lavalle
Resistencia,Lavardén
Resistencia,Leandro N. Alem
Resistencia,Leo Parzianello
Resistencia,Leopoldo Lugones
Resistencia,Leopoldo Martín
Resistencia,León Zorrilla
Resistencia,Leónidas González Montaner
Resistencia,Libertad
Resistencia,Libertador
Resistencia,Lidia Angélica Rapazzioli de Bernal
Resistencia,Lima
Resistencia,Lincoln
Resistencia,Lino Torres
Resistencia,Lisandro de la Torre
Resistencia,Lonardi
Resistencia,Lorenzo Eusebione
Resistencia,Los Andes
Resistencia,Los Aromos
Resistencia,Los Claveles
Resistencia,Los Crisantemos
Resistencia,Los Frentones
Resistencia,Los Gladiolos
Resistencia,Los Hacheros
Resistencia,Los Jazmines
Resistencia,Los Lirios
Resistencia,Los Pinos
Resistencia,Luis De las Casas
Resistencia,Luis Govi
Resistencia,Luis O. Gusberti
Resistencia,Luis Vernet
Resistencia,Luisa Dora Cardozo de Galíndez
Resistencia,Lutringer
Resistencia,López Vicuña
Resistencia,López y Planes
Resistencia,Machagai
Resistencia,Maipú
Resistencia,Makallé
Resistencia,Malambo
Resistencia,Manuel Alberti
Resistencia,Manuel Dorrego
Resistencia,Manuel Lisandro Peralta
Resistencia,Manuel Peralta
Resistencia,Manuel de Sarratea
Resistencia,Mar del Plata
Resistencia,Marcelino Castelán
Resistencia,Marcelo Torcuato de Alvear
Resistencia,Marcos Briolini
Resistencia,Marcos Paz
Resistencia,Margarita Belén
Resistencia,Mario Bandeo
Resistencia,Mario Nestoroff
Resistencia,Mario Villalva
Resistencia,Martina Silva de Gurruchaga
Resistencia,Martín Coronado
Resistencia,Martín Dobrizhoffer
Resistencia,Martín Goitía
Resistencia,Martín Lestani
Resistencia,Martín de Álzaga
Resistencia,María Cuberli
Resistencia,María Moisán
Resistencia,María R. Del Valle
Resistencia,María Remedios del Valle
Resistencia,María Sáenz de Vernet
Resistencia,Mataco
Resistencia,Matará
Resistencia,Mauricio Feldman
Resistencia,Mburucuyá
Resistencia,Mendoza
Resistencia,Micaela Bastida
Resistencia,Miguel Cané
Resistencia,Miguel Z. Delfino
Resistencia,Miguel de Azcuénaga
Resistencia,Minué
Resistencia,Misionero Klein
Resistencia,Misiones
Resistencia,Mocoví
Resistencia,Monseñor Alumni
Resistencia,Monseñor Angelelli
Resistencia,Monseñor De Nevares
Resistencia,Monseñor Romero
Resistencia,Monseñor de Carlo
Resistencia,Monseñor de Nevares
Resistencia,Monteagudo
Resistencia,Montevideo
Resistencia,Morel
Resistencia,México
Resistencia,Napalpí
Resistencia,Napenay
Resistencia,Nataxala' Leoncito
Resistencia,Nazareno Roscian
Resistencia,Nazareno Rosciani
Resistencia,Necochea
Resistencia,Nicacia Magan de Bouzada
Resistencia,Nicolás Patrón
Resistencia,Nicolás Rojas Acosta
Resistencia,Nicolás Roldán
Resistencia,Nikola Tesla
Resistencia,Nueva Pompeya
Resistencia,O'Higgins
Resistencia,Olaf With
Resistencia,Olegario Víctor Andrade
Resistencia,Oscar Alfredo Gálvez
Resistencia,Oscar Cabalén
Resistencia,Oso Hormiguero
Resistencia,Paaje Doctor Juan Diego De Morgan
Resistencia,Pablo Castalbert
Resistencia,Paciencia
Resistencia,Padre Cerqueira
Resistencia,Padre Distorto
Resistencia,Padre J. Nicolau
Resistencia,Padre Mujica
Resistencia,Padre Sena
Resistencia,Padre Tomás García
Resistencia,Pago de Areco
Resistencia,Pala Pala
Resistencia,Palo Santo
Resistencia,Pampa del Indio
Resistencia,Pampero
Resistencia,Panamá
Resistencia,Paraíso
Resistencia,Pasaje 25 de Mayo
Resistencia,Pasaje 33
Resistencia,Pasaje 9 de Julio
Resistencia,Pasaje Agrimensor Agustín Foster
Resistencia,Pasaje Aguará Guazú
Resistencia,Pasaje Agustín Andreani
Resistencia,Pasaje Alberdi
Resistencia,Pasaje Alberto Torres
Resistencia,Pasaje Andreani
Resistencia,Pasaje Antequeras
Resistencia,Pasaje Antonio Martina
Resistencia,Pasaje Arazá
Resistencia,Pasaje Arbo y Blanco
Resistencia,Pasaje Armando Anello
Resistencia,Pasaje Arminda Rogiolo
Resistencia,Pasaje Arribálzaga
Resistencia,Pasaje Arturo Frondizi
Resistencia,Pasaje Arturo Illia
Resistencia,Pasaje Arturo Lestani
Resistencia,Pasaje Asunción
Resistencia,Pasaje Atilio López
Resistencia,Pasaje Avellaneda
Resistencia,Pasaje Bagual
Resistencia,Pasaje Baltasar Tatalo Domínguez
Resistencia,Pasaje Bariloche
Resistencia,Pasaje Bartolina Sisa
Resistencia,Pasaje Belén
Resistencia,Pasaje Bibiano Meza
Resistencia,Pasaje Brasilia
Resistencia,Pasaje Brown
Resistencia,Pasaje Calle 26
Resistencia,Pasaje Cangallo
Resistencia,Pasaje Capataz Codutti
Resistencia,Pasaje Capitán Eliseo Muñiz
Resistencia,Pasaje Caracas
Resistencia,Pasaje Carlos Boggio
Resistencia,Pasaje Carlos Dodero
Resistencia,Pasaje Carlos Hardy
Resistencia,Pasaje Castelli
Resistencia,Pasaje Catamarca
Resistencia,Pasaje Cataratas del Iguazú
Resistencia,Pasaje Centenario
Resistencia,Pasaje Chaco
Resistencia,Pasaje Charata
Resistencia,Pasaje Ciervo de los Pantanos
Resistencia,Pasaje Cocomarola
Resistencia,Pasaje Colón
Resistencia,Pasaje Coronel Falcon
Resistencia,Pasaje Coronel Ávalos
Resistencia,Pasaje Corrientes
Resistencia,Pasaje Crisanto Domínguez
Resistencia,Pasaje Cuba
Resistencia,Pasaje Córdoba
Resistencia,Pasaje Deschutter
Resistencia,Pasaje Discépolo
Resistencia,Pasaje Doctor Diego de Morgan
Resistencia,Pasaje Doctor Juan Diego de Morgan
Resistencia,Pasaje Duvivier
Resistencia,Pasaje Dónovan
Resistencia,Pasaje Echeverría
Resistencia,Pasaje El Malón
Resistencia,Pasaje El Salvador
Resistencia,Pasaje Ernesto Duvivier
Resistencia,Pasaje Escondido
Resistencia,Pasaje Esperanza
Resistencia,Pasaje Etcheverrigaray
Resistencia,Pasaje Evaristo Ramírez
Resistencia,Pasaje Ex Combatiente E. Discépolo
Resistencia,Pasaje Fabriciano Gómez
Resistencia,Pasaje Felipe Molina
Resistencia,Pasaje Florida
Resistencia,Pasaje Fontana
Resistencia,Pasaje Fortin Aguilar
Resistencia,Pasaje Fortín Aguilar
Resistencia,Pasaje Fortín Alvarado
Resistencia,Pasaje Fortín Loma Negra
Resistencia,Pasaje Fortín Los Pozos
Resistencia,Pasaje Fortín Rivadavia
Resistencia,Pasaje Fortín Tapenagá
Resistencia,Pasaje Fortín Warnes
Resistencia,Pasaje Foster
Resistencia,Pasaje Franklin
Resistencia,Pasaje Fray Bertaca
Resistencia,Pasaje Fray Gabriel Grotti
Resistencia,Pasaje Fray Luis Beltrán
Resistencia,Pasaje Fray Rossi
Resistencia,Pasaje French
Resistencia,Pasaje Félix Codutti
Resistencia,Pasaje General Fotheringam
Resistencia,Pasaje General Pinedo
Resistencia,Pasaje Gerardo Varela
Resistencia,Pasaje Gertrudis Medeiros
Resistencia,Pasaje Gobernador Bosch
Resistencia,Pasaje Gobernador Gabriel Carrasco
Resistencia,Pasaje Guatemala
Resistencia,Pasaje Guerrero
Resistencia,Pasaje Gusberti
Resistencia,Pasaje Güemes
Resistencia,Pasaje H. Saling
Resistencia,Pasaje Haiti
Resistencia,Pasaje Haití
Resistencia,Pasaje Heraclio Pérez
Resistencia,Pasaje Hermanos Boronat
Resistencia,Pasaje Hermanos Palotinos
Resistencia,Pasaje Hernandarias
Resistencia,Pasaje Hipólito Yrigoyen
Resistencia,Pasaje Honduras
Resistencia,Pasaje Ingeniero Augusto Schur
Resistencia,Pasaje Ingeniero Schur
Resistencia,Pasaje Inspector Patiño
Resistencia,Pasaje Intendente Borrini
Resistencia,Pasaje Irene B. de Etcheverrygaray
Resistencia,Pasaje Isla del Cerrito
Resistencia,Pasaje Italia
Resistencia,Pasaje Jeremías
Resistencia,Pasaje Jericó
Resistencia,Pasaje José Alsina
Resistencia,Pasaje José Ameri
Resistencia,Pasaje José Anello
Resistencia,Pasaje José María Paz
Resistencia,Pasaje José María Toledo
Resistencia,Pasaje José Mármol
Resistencia,Pasaje José Navarro
Resistencia,Pasaje José Rucci
Resistencia,Pasaje Juan B. Justo
Resistencia,Pasaje Juan Manuel Rossi
Resistencia,Pasaje Juan Moro
Resistencia,Pasaje Juan XXIII
Resistencia,Pasaje Juan de Dios Mena
Resistencia,Pasaje Juana Moro
Resistencia,Pasaje Jujuy
Resistencia,Pasaje Julio Argentino Roca
Resistencia,Pasaje Julio E. Acosta
Resistencia,Pasaje Julio Tort
Resistencia,Pasaje La Paz
Resistencia,Pasaje La Rioja
Resistencia,Pasaje La Sabana
Resistencia,Pasaje La Tigra
Resistencia,Pasaje Laguna del Desierto
Resistencia,Pasaje Las Heras
Resistencia,Pasaje Lavalle
Resistencia,Pasaje Leandro N. Alem
Resistencia,Pasaje Leo Parzianello
Resistencia,Pasaje Lidia Angélica Rapazzioli de Bernal
Resistencia,Pasaje Lima
Resistencia,Pasaje Liniers
Resistencia,Pasaje Lino Torres
Resistencia,Pasaje Lisandro de la Torre
Resistencia,Pasaje Los Colonizadores
Resistencia,Pasaje Los Hacheros
Resistencia,Pasaje Luis Stando
Resistencia,Pasaje López Piacentini
Resistencia,Pasaje López y Planes
Resistencia,Pasaje M. Varela
Resistencia,Pasaje Machagai
Resistencia,Pasaje Mansilla
Resistencia,Pasaje Manuel Belgrano
Resistencia,Pasaje Manuel Peralta
Resistencia,Pasaje Marcelo Torcuato de Alvear
Resistencia,Pasaje Marcos Paz
Resistencia,Pasaje Margarita Belén
Resistencia,Pasaje Mario Bandeo
Resistencia,Pasaje Mario Villalva
Resistencia,Pasaje Martina
Resistencia,Pasaje Martín Goitía
Resistencia,Pasaje María Moisán
Resistencia,Pasaje Mendoza
Resistencia,Pasaje Miguel Giménez
Resistencia,Pasaje Miguel Z. Delfino
Resistencia,Pasaje Misionero Francisco Solano
Resistencia,Pasaje Molina
Resistencia,Pasaje Montevideo
Resistencia,Pasaje Nazareno Rosciani
Resistencia,Pasaje Necochea
Resistencia,Pasaje Nicaragua
Resistencia,Pasaje Nicolás Rojas Acosta
Resistencia,Pasaje Nicolás Roldán
Resistencia,Pasaje Obligado
Resistencia,Pasaje Ombú
Resistencia,Pasaje Oscar Cabalén
Resistencia,Pasaje Padre Sena
Resistencia,Pasaje Palamedi
Resistencia,Pasaje Panamá
Resistencia,Pasaje Parodi
Resistencia,Pasaje Paso de la Patria
Resistencia,Pasaje Peatonal F. Planes
Resistencia,Pasaje Peatonal General Ortiz
Resistencia,Pasaje Peatonal Hipólito Vieytes
Resistencia,Pasaje Peatonal J. P. Aguirre
Resistencia,Pasaje Peatonal J. R. Balcarce
Resistencia,Pasaje Peatonal Pringles
Resistencia,Pasaje Pellegrini
Resistencia,Pasaje Piñero
Resistencia,Pasaje Posadas
Resistencia,Pasaje Pueyrredón
Resistencia,Pasaje Quito
Resistencia,Pasaje Ramón Vázquez
Resistencia,Pasaje Ramón de las Mercedes Tissera
Resistencia,Pasaje Remedios de Escalada
Resistencia,Pasaje Rene James Sotelo
Resistencia,Pasaje República Dominicana
Resistencia,Pasaje Rioja
Resistencia,Pasaje Rita Waisman
Resistencia,Pasaje Roberto Mora
Resistencia,Pasaje Rodríguez Peña
Resistencia,Pasaje Roger Balet
Resistencia,Pasaje Roque Sáenz Peña
Resistencia,Pasaje Río Negro
Resistencia,Pasaje Saling
Resistencia,Pasaje Salta
Resistencia,Pasaje San Buenaventura del Monte Alto
Resistencia,Pasaje San Carlos de Bariloche
Resistencia,Pasaje San Fernando
Resistencia,Pasaje San Juan
Resistencia,Pasaje San Lorenzo
Resistencia,Pasaje San Martín
Resistencia,Pasaje San Salvador
Resistencia,Pasaje Sanchís
Resistencia,Pasaje Santa Fe
Resistencia,Pasaje Santa María de Oro
Resistencia,Pasaje Sargento Cabral
Resistencia,Pasaje Sargento Discépolo
Resistencia,Pasaje Seelstrang
Resistencia,Pasaje Seitor
Resistencia,Pasaje Sicas
Resistencia,Pasaje Sierras de Córdoba
Resistencia,Pasaje Silvano Dante
Resistencia,Pasaje Simeón Borda
Resistencia,Pasaje Sol de Esperanza
Resistencia,Pasaje Taco Pozo
Resistencia,Pasaje Tambor de Tacuarí
Resistencia,Pasaje Tapir
Resistencia,Pasaje Tatú Carreta
Resistencia,Pasaje Uriburu
Resistencia,Pasaje Urquiza
Resistencia,Pasaje Ushuaia
Resistencia,Pasaje Uspallata
Resistencia,Pasaje Vecinal A. González Balcarce
Resistencia,Pasaje Vecinal Díaz Vélez
Resistencia,Pasaje Vecinal Fray C. Rodríguez
Resistencia,Pasaje Vecinal I. Álvarez Toma
Resistencia,Pasaje Vecinal J. J. Viamonte
Resistencia,Pasaje Vecinal J. M. Dorrego
Resistencia,Pasaje Vecinal J. P. Aguirre
Resistencia,Pasaje Vecinal J. V. de Olavarría
Resistencia,Pasaje Vecinal M. Rodríguez
Resistencia,Pasaje Vecinal Miguel Soler
Resistencia,Pasaje Vecinal Perdriel
Resistencia,Pasaje Vedia
Resistencia,Pasaje Vilallave de Ross
Resistencia,Pasaje Villa Carlos Paz
Resistencia,Pasaje Virtud
Resistencia,Pasaje Viuda de Ross
Resistencia,Pasaje Vélez Sársfield
Resistencia,Pasaje Wilde
Resistencia,Pasaje Yaguareté
Resistencia,Pasaje Yolanda P. de Elizondo
Resistencia,Pasaje Zacarías
Resistencia,Pasaje Zapico
Resistencia,Pasaje de los Patos
Resistencia,Pasaje del Teatro
Resistencia,Pasaje peatonal J. F. Terrada
Resistencia,Pasaje peatonal Padre J. B. Grela
Resistencia,Pasaje Ángel Bustos
Resistencia,Pasaje Ángel D'Ambra
Resistencia,Pasaje Ángel Ibarra
Resistencia,Pasaje Ángela C. de Bouvier
Resistencia,Pasaje Ávalos
Resistencia,Pasaje Édison
Resistencia,Paseo Costanero del Río Negro
Resistencia,Pasillo Ex Vías del Ferrocarril Santa Fe
Resistencia,Paso de la Patria
Resistencia,Peatonal Armada Argentina
Resistencia,Peatonal Bahía Agradable
Resistencia,Peatonal Bahía San Felipe
Resistencia,Peatonal Bahía San Julián
Resistencia,Peatonal Bahía Santa Eufemia
Resistencia,Peatonal Bahía de Ruiz Puent
Resistencia,Peatonal Bahía de San Francisco
Resistencia,Peatonal Bahía de la Anunciación
Resistencia,Peatonal Bahía de la Cruzada
Resistencia,Peatonal Cabo Corrientes
Resistencia,Peatonal Canal Colón
Resistencia,Peatonal Crucero Belgrano
Resistencia,Peatonal Dos Lomas
Resistencia,Peatonal Ejército Argentino
Resistencia,Peatonal Ensenada del Norte
Resistencia,Peatonal Estrecho de San Carlos
Resistencia,Peatonal Gaucho Rivero
Resistencia,Peatonal Isla Culebra
Resistencia,Peatonal Isla Goicoechea
Resistencia,Peatonal Isla Los Hermanos
Resistencia,Peatonal Isla Pan de Azúcar
Resistencia,Peatonal Isla Pelada
Resistencia,Peatonal Isla Remolinos
Resistencia,Peatonal Isla San Jorge
Resistencia,Peatonal Isla Soledad
Resistencia,Peatonal Isla Vigía
Resistencia,Peatonal Isla de Borbón
Resistencia,Peatonal Isla del Pasaje
Resistencia,Peatonal Juan Domingo Perón
Resistencia,Peatonal Nueve de Julio
Resistencia,Peatonal Operación Cóndor
Resistencia,Peatonal Pucará
Resistencia,Peatonal Puente Pacheco
Resistencia,Peatonal Puerto Argentino
Resistencia,Peatonal Soldado J. C. Ávalos
Resistencia,Pedro Freschi
Resistencia,Pedro Olazábal
Resistencia,Pellegrini
Resistencia,Pereyra
Resistencia,Pericón
Resistencia,Perímetro Aeropuerto de Resistencia
Resistencia,Perú
Resistencia,Piedras
Resistencia,Pilagá
Resistencia,Policía de Territorios
Resistencia,Posadas
Resistencia,Primera Junta
Resistencia,Primero de Mayo
Resistencia,Profesor Alejandro Portela
Resistencia,Puente San Fernando
Resistencia,Puente peatonal
Resistencia,Puerto Palos
Resistencia,Puerto Tirol
Resistencia,Puerto Vélaz
Resistencia,Pueyrredón
Resistencia,Pureza
Resistencia,Pío XII
Resistencia,Quebracho
Resistencia,Quitilipi
Resistencia,Quito
Resistencia,R. E. Gorebert
Resistencia,Rafael Obligado
Resistencia,Rampa
Resistencia,Rampa de acceso
Resistencia,Ramón Castilla
Resistencia,Ramón Castro
Resistencia,Ramón Vázquez
Resistencia,Ramón de las Mercedes Tissera
Resistencia,Rancho Porá
Resistencia,Raúl B. Díaz
Resistencia,Remedios de Escalada
Resistencia,Remigio Borque
Resistencia,Rene James Sotelo
Resistencia,René James Sotelo
Resistencia,República Dominicana
Resistencia,República de Israel
Resistencia,Riacho Carolí
Resistencia,Riacho Iné
Resistencia,Ricardo López Jordán
Resistencia,Ricardo Rojas
Resistencia,Rita Agote de Sustaita
Resistencia,Rita Waisman
Resistencia,Roberto Mora
Resistencia,Rodolfo Gabardini
Resistencia,Roger Balet
Resistencia,Roque Sáenz Peña
Resistencia,Rosa Címbaro
Resistencia,Rosa Guarú
Resistencia,Rotonda Italia y Rissione
Resistencia,Rotonda Las Heras y Castelli
Resistencia,Rotonda Nicolás Avellaneda y Sabín
Resistencia,Rotonda de Villa Monona
Resistencia,Rubén Di Palma
Resistencia,Ruta Nacional 11
Resistencia,Río Guaycurú
Resistencia,Río Negro
Resistencia,Río Tapenagá
Resistencia,Río Tatané
Resistencia,Río Teuco
Resistencia,Río Tragadero
Resistencia,Río de Oro
Resistencia,Saavedra
Resistencia,Salta
Resistencia,Samuhú
Resistencia,San Andrés
Resistencia,San Bartolomé
Resistencia,San Bernardo
Resistencia,San Buenaventura del Monte Alto
Resistencia,San Carlos de Bariloche
Resistencia,San Felipe
Resistencia,San Fernando
Resistencia,San Francisco Solano
Resistencia,San Juan
Resistencia,San Judas Tadeo
Resistencia,San Lorenzo
Resistencia,San Luis
Resistencia,San Mateo
Resistencia,San Matías
Resistencia,San Pablo
Resistencia,San Pedro
Resistencia,San Roque
Resistencia,San Salvador
Resistencia,San Simón
Resistencia,Santa Clara de Asís
Resistencia,Santa Cruz
Resistencia,Santa Fe
Resistencia,Santa María de Oro
Resistencia,Santa Sylvina
Resistencia,Santiago Apóstol
Resistencia,Santiago de Liniers
Resistencia,Santiago del Estero
Resistencia,Santo Tomás
Resistencia,Santo Tomé
Resistencia,Sargento Cabral
Resistencia,Saúl Ubaldini
Resistencia,Seitor
Resistencia,Senda
Resistencia,Senda peatonal
Resistencia,Sicas
Resistencia,Sierras de Córdoba
Resistencia,Silvano Dante
Resistencia,Simeón Borda
Resistencia,Simón Bolívar
Resistencia,Sixto Laconich
Resistencia,Soldado Aguilera
Resistencia,Soldado Almonacid
Resistencia,Soraida Áucar
Resistencia,Sudestada
Resistencia,Suiza
Resistencia,Taco Pozo
Resistencia,Tacuarí
Resistencia,Tapir
Resistencia,Tatú Carreta
Resistencia,Teniente Mayor Origone
Resistencia,Teodoro Fels
Resistencia,Thomas Jefferson
Resistencia,Tierra del Fuego
Resistencia,Toba
Resistencia,Tomás Arce
Resistencia,Torcaza
Resistencia,Tordo
Resistencia,Tres Carabelas
Resistencia,Triunfo
Resistencia,Triunvirato
Resistencia,Tránsito Cocomarola
Resistencia,Tucán
Resistencia,Tuyutí
Resistencia,Uriburu
Resistencia,Uruguay
Resistencia,Urunday
Resistencia,Ushuaia
Resistencia,Valdepeñas
Resistencia,Valle de la Luna
Resistencia,Veinte de Junio
Resistencia,Venezuela
Resistencia,Verdad
Resistencia,Viceomodoro Olezza
Resistencia,Victoria Ocampo
Resistencia,Victorio Pereyra
Resistencia,Viento Norte
Resistencia,Villa Berthet
Resistencia,Villa Carlos Paz
Resistencia,Villa Río Bermejito
Resistencia,Villa Ángela
Resistencia,Viraró
Resistencia,Virgen del Valle
Resistencia,Virgilio Mira
Resistencia,Víctor Benítez
Resistencia,Wilde
Resistencia,Yaguareté
Resistencia,Yolanda P. de Elizondo
Resistencia,Zacarías
Resistencia,Zamba
Resistencia,Zonda
Resistencia,Zorzal
Resistencia,tierr
Resistencia,Álvarez Jonte
Resistencia,Ángel Busto
Resistencia,Ángel D'Ambra
Resistencia,Ángel Vicente Peñaloza
Resistencia,Ángela C. de Bouvier
Resistencia,Ástor Piazzolla